artist,connections
The Weeknd,7
Chase,7
Status,7
Central Cee,6
Ella Henderson,5
David Guetta,5
Jung Kook,5
Sonny Fodera,5
Ice Spice,4
Post Malone,4
Drake,4
Stormzy,4
Bou,4
Fred again..,4
RAYE,3
Anne-Marie,3
Rudimental,3
Dave,3
Noah Kahan,3
D-Block Europe,3
Becky Hill,3
Flowdan,3
Clementine Douglas,3
Earth,3
Wind,3
Fire,3
sped up + slowed,3
Hedex,3
ArrDee,3
Charli xcx,3
Baddiel,3
Skinner,3
Lightning Seeds,3
The Lightning Seeds,3
Calvin Harris,2
Jazzy,2
Switch Disco,2
Robert Miles,2
Coi Leray,2
Charlotte Plank,2
Vibe Chemistry,2
Playboi Carti,2
Madonna,2
Nathan Dawe,2
Joel Corry,2
Nicki Minaj,2
Aqua,2
Olivia Rodrigo,2
Latto,2
D.O.D,2
BTS,2
Travis Scott,2
Bad Bunny,2
cassö,2
MK,2
The Kid LAROI,2
Ariana Grande,2
Rachel Zegler,2
Flatland Cavalry,2
Kanye West,2
O.T,2
Busta Rhymes,2
Elesia Iimura,2
¥$,2
Ty Dolla $ign,2
JENNIE,2
Lily-Rose Depp,2
Eminem,2
BERKO CHAMP,2
LEXMENDY,2
citosxd,2
Anderson .Paak,2
CHIKA,2
BL3SS,2
CamrinWatsin,2
bbyclose,2
Big Sean,2
BabyTron,2
Adam Port,2
Stryv,2
Keinemusik,2
Bruno Mars,2
Dream Supplier,2
Baby Sleeps,2
Background White Noise,2
Wicked Movie Cast,2
Cynthia Erivo,2
Stromae,2
Pomme,2
Arcane,2
Ellie Goulding,1
PinkPantheress,1
SZA,1
Ed Sheeran,1
Tyler,1
The Creator,1
Lil Durk,1
J. Cole,1
Metro Boomin,1
OneRepublic,1
Bebe Rexha,1
Tom Odell,1
Beyoncé,1
Morgan Wallen,1
venbee,1
goddard.,1
Nines,1
Lana Del Rey,1
Eliza Rose,1
Interplanetary Criminal,1
Kendrick Lamar,1
J Hus,1
Hannah Laing,1
RoRo,1
Sam Fender,1
ANOTR,1
Abel Balder,1
Fredo,1
Elton John,1
Shania Twain,1
Clavish,1
Billie Eilish,1
Troye Sivan,1
Sam Smith,1
Slay,1
Obongjayar,1
Tiakola,1
GRM Daily,1
K-Trap,1
Headie One,1
Hozier,1
Jack Harlow,1
Jozzy,1
Billy Gillies,1
Hannah Boleyn,1
"Bobby ""Boris"" Pickett",1
The Crypt-Kickers,1
Lady Gaga,1
Bing Crosby,1
Fred Astaire,1
Zara Larsson,1
Lyrical Lemonade,1
Richy Mitch,1
The Coal Miners,1
Marvin Gaye,1
Tammi Terrell,1
Natasha Bedingfield,1
Mason,1
Princess Superstar,1
Kygo,1
Ava Max,1
4batz,1
Future,1
The Blessed Madonna,1
Badger,1
Lil Baby,1
Flex (UK),1
Nate Dogg,1
Lorde,1
Blake Shelton,1
Quavo,1
Luke Combs,1
Hanumankind,1
Kalmi,1
Lost Frequencies,1
KSI,1
Trippie Redd,1
ROSÉ,1
Anitta,1
Loreen,0
David Kushner,0
Käärijä,0
Alessandra,0
Miley Cyrus,0
Libianca,0
Lewis Capaldi,0
Taylor Swift,0
Harry Styles,0
FIFTY FIFTY,0
Lizzy McAlpine,0
Rema,0
Lil Mabu,0
Florence + The Machine,0
Bakar,0
Miguel,0
Mae Stephens,0
Mae Muller,0
The Killers,0
Noa Kirel,0
Vance Joy,0
The Neighbourhood,0
JVKE,0
Coldplay,0
LF SYSTEM,0
Kali,0
Tears For Fears,0
Glass Animals,0
Fleetwood Mac,0
George Ezra,0
Arctic Monkeys,0
Tina Turner,0
Dua Lipa,0
Jonas Brothers,0
Jorja Smith,0
Kylie Minogue,0
Niall Horan,0
Byron Messia,0
Peggy Gou,0
Doja Cat,0
Gunna,0
Young Thug,0
Stephen Sanchez,0
Lil Uzi Vert,0
Tom Grennan,0
Charli XCX,0
Ryan Gosling,0
Sinéad O'Connor,0
Lizzo,0
Oliver Anthony Music,0
Selena Gomez,0
Burna Boy,0
Frank Ocean,0
Kenya Grace,0
Tyla,0
Tate McRae,0
Mitski,0
Zach Bryan,0
Lord Huron,0
XG,0
Bring Me The Horizon,0
Offset,0
Skepta,0
blink-182,0
Michael Jackson,0
Various Artists,0
Rockwell,0
Ray Parker Jr.,0
Andrew Gold,0
Rihanna,0
Mariah Carey,0
Wham!,0
The Beatles,0
The Goo Goo Dolls,0
Brenda Lee,0
Bobby Helms,0
Michael Bublé,0
Kelly Clarkson,0
Andy Williams,0
Dean Martin,0
The Pogues,0
Shakin' Stevens,0
Sia,0
The Ronettes,0
John Lennon,0
Band Aid,0
Ocean Alley,0
Chris Rea,0
Paul McCartney,0
José Feliciano,0
Justin Bieber,0
Wizzard,0
Frank Sinatra,0
Darlene Love,0
Nat King Cole,0
Leona Lewis,0
Slade,0
The Jackson 5,0
Laufey,0
Burl Ives,0
Chuck Berry,0
Brett Eldredge,0
Elvis Presley,0
Britney Spears,0
Pretenders,0
Juliera,0
Eartha Kitt,0
Cher,0
The Beach Boys,0
It's Nique,0
Mud,0
Bruce Springsteen,0
Donny Hathaway,0
Perry Como,0
Jona Lewie,0
Stevie Wonder,0
Eagles,0
Sophie Ellis-Bextor,0
JID,0
Sabrina Carpenter,0
Teddy Swims,0
Whitney Houston,0
ABBA,0
a-ha,0
Outkast,0
Journey,0
Black Eyed Peas,0
Flo Rida,0
The Lumineers,0
21 Savage,0
Flo Milli,0
Benson Boone,0
Chris Brown,0
The Last Dinner Party,0
The Kooks,0
YG Marley,0
Michael Marcagi,0
Megan Thee Stallion,0
Good Neighbours,0
Tracy Chapman,0
Djo,0
Catfish and the Bottlemen,0
Pozer,0
Bryson Tiller,0
Kings of Leon,0
Dasha,0
The Cranberries,0
Van Morrison,0
Artemas,0
Jungle,0
NewEra,0
Mark Ambor,0
Bill Withers,0
Mark Ronson,0
Perrie,0
Lay Bankz,0
Chappell Roan,0
Shaboozey,0
Tommy Richman,0
Myles Smith,0
Nemo,0
Baby Lasagna,0
Joost,0
Declan McKenna,0
Hotvibez,0
leftovermax,0
WALK THE MOON,0
Gracie Abrams,0
Jordan Adetunji,0
Two Door Cinema Club,0
Dominic Fike,0
R3load,0
Tems,0
Fat Les,0
New Order,0
Neil Diamond,0
Atomic Kitten,0
Gala,0
The Verve,0
JADE,0
Otis Redding,0
Jimin,0
*NSYNC,0
Toploader,0
Gigi Perez,0
Fontaines D.C.,0
Oasis,0
Linkin Park,0
Ndotz,0
Addison Rae,0
Alex Warren,0
Crowded House,0
One Direction,0
Liam Payne,0
Rick James,0
Paris Paloma,0
The Adventures Of Stevie V,0
