source,target,weight
Calvin Harris,Ellie Goulding,132
Calvin Harris,Sam Smith,70
PinkPantheress,Ice Spice,115
Ice Spice,Nicki Minaj,100
Ice Spice,Aqua,100
Ice Spice,Central Cee,27
SZA,Drake,19
Jazzy,Sonny Fodera,76
Jazzy,D.O.D,76
Ed Sheeran,Elton John,27
Switch Disco,Ella Henderson,102
Switch Disco,Robert Miles,102
Ella Henderson,Robert Miles,102
Ella Henderson,Nathan Dawe,85
Ella Henderson,Joel Corry,85
Ella Henderson,Rudimental,92
Post Malone,Noah Kahan,4
Post Malone,Morgan Wallen,95
Post Malone,Blake Shelton,4
Post Malone,Luke Combs,5
RAYE,Stormzy,6
RAYE,cassö,348
RAYE,D-Block Europe,348
Tyler,The Creator,182
Lil Durk,J. Cole,10
Metro Boomin,Future,96
OneRepublic,David Guetta,84
David Guetta,Bebe Rexha,50
David Guetta,Anne-Marie,60
David Guetta,Coi Leray,60
David Guetta,Zara Larsson,42
Tom Odell,Lost Frequencies,2
Drake,J Hus,36
Drake,Central Cee,8
Drake,4batz,1
Beyoncé,Kendrick Lamar,2
Anne-Marie,Coi Leray,60
Anne-Marie,Shania Twain,24
venbee,goddard.,13
Nines,GRM Daily,8
Rudimental,Charlotte Plank,115
Rudimental,Vibe Chemistry,115
Charlotte Plank,Vibe Chemistry,115
Lana Del Rey,Quavo,7
Eliza Rose,Interplanetary Criminal,5
Dave,Central Cee,392
Dave,Tiakola,1
Dave,Lyrical Lemonade,5
Central Cee,The Kid LAROI,8
Central Cee,Jung Kook,8
Central Cee,Lil Baby,88
The Weeknd,Playboi Carti,86
The Weeknd,Madonna,208
The Weeknd,Travis Scott,15
The Weeknd,Bad Bunny,15
The Weeknd,JENNIE,43
The Weeknd,Lily-Rose Depp,43
The Weeknd,Anitta,5
Playboi Carti,Madonna,26
Hannah Laing,RoRo,143
Noah Kahan,Hozier,7
Noah Kahan,Sam Fender,35
Nathan Dawe,Joel Corry,85
ANOTR,Abel Balder,67
Stormzy,Fredo,16
Stormzy,Chase,102
Stormzy,Status,102
Nicki Minaj,Aqua,100
Olivia Rodrigo,Rachel Zegler,51
Olivia Rodrigo,Flatland Cavalry,51
D-Block Europe,Clavish,7
D-Block Europe,cassö,348
Jung Kook,Latto,52
Jung Kook,BTS,2
Jung Kook,Jack Harlow,5
Jung Kook,The Kid LAROI,8
Latto,BTS,2
Billie Eilish,Charli xcx,69
Troye Sivan,Charli xcx,1
D.O.D,Sonny Fodera,76
Becky Hill,Chase,157
Becky Hill,Status,157
Becky Hill,Sonny Fodera,1
Chase,Status,482
Chase,Bou,196
Chase,Flowdan,196
Chase,Hedex,15
Chase,ArrDee,15
Status,Bou,196
Status,Flowdan,196
Status,Hedex,15
Status,ArrDee,15
Travis Scott,Bad Bunny,15
Bou,Flowdan,196
Bou,Slay,12
Fred again..,Obongjayar,113
Fred again..,Jozzy,11
Fred again..,Anderson .Paak,6
Fred again..,CHIKA,6
Sonny Fodera,MK,116
Sonny Fodera,Clementine Douglas,116
MK,Clementine Douglas,116
Clementine Douglas,The Blessed Madonna,102
Earth,Wind,4
Earth,Fire,4
Earth,sped up + slowed,4
Wind,Fire,4
Wind,sped up + slowed,4
Fire,sped up + slowed,4
K-Trap,Headie One,2
Billy Gillies,Hannah Boleyn,89
Hedex,ArrDee,15
"Bobby ""Boris"" Pickett",The Crypt-Kickers,3
Lady Gaga,Bruno Mars,103
Ariana Grande,Wicked Movie Cast,9
Ariana Grande,Cynthia Erivo,9
Bing Crosby,Fred Astaire,17
Rachel Zegler,Flatland Cavalry,51
Kanye West,¥$,102
Kanye West,Ty Dolla $ign,145
O.T,Busta Rhymes,3
O.T,Elesia Iimura,3
Busta Rhymes,Elesia Iimura,3
¥$,Ty Dolla $ign,102
JENNIE,Lily-Rose Depp,43
Eminem,Big Sean,6
Eminem,BabyTron,6
Richy Mitch,The Coal Miners,175
Marvin Gaye,Tammi Terrell,35
Natasha Bedingfield,Badger,72
Mason,Princess Superstar,9
BERKO CHAMP,LEXMENDY,1
BERKO CHAMP,citosxd,1
LEXMENDY,citosxd,1
Kygo,Ava Max,75
Anderson .Paak,CHIKA,6
Charli xcx,Lorde,6
Flex (UK),Nate Dogg,3
Baddiel,Skinner,10
Baddiel,Lightning Seeds,10
Baddiel,The Lightning Seeds,6
Skinner,Lightning Seeds,10
Skinner,The Lightning Seeds,6
Lightning Seeds,The Lightning Seeds,6
BL3SS,CamrinWatsin,148
BL3SS,bbyclose,148
CamrinWatsin,bbyclose,148
Big Sean,BabyTron,6
Adam Port,Stryv,102
Adam Port,Keinemusik,102
Stryv,Keinemusik,102
Hanumankind,Kalmi,40
Bruno Mars,ROSÉ,39
KSI,Trippie Redd,30
Dream Supplier,Baby Sleeps,4
Dream Supplier,Background White Noise,4
Baby Sleeps,Background White Noise,4
Wicked Movie Cast,Cynthia Erivo,9
Stromae,Pomme,1
Stromae,Arcane,1
Pomme,Arcane,1
