date,unique_artists
2024-05-18,47
2024-05-19,47
2024-05-20,47
2024-05-21,43
2024-05-22,46
2024-05-23,44
2024-05-24,43
2024-05-25,44
2024-05-26,44
2024-05-27,42
2024-05-28,40
2024-05-29,43
2024-05-30,43
2024-05-31,44
2024-06-01,41
2024-06-02,41
2024-06-03,42
2024-06-04,43
2024-06-05,44
2024-06-06,42
2024-06-07,39
2024-06-08,38
2024-06-09,39
2024-06-10,40
2024-06-11,43
2024-06-12,43
2024-06-13,41
2024-06-14,38
2024-06-15,38
2024-06-16,38
2024-06-17,39
2024-06-18,40
2024-06-19,39
2024-06-20,38
2024-06-21,39
2024-06-22,39
2024-06-23,38
2024-06-24,40
2024-06-25,40
2024-06-26,39
2024-06-27,38
2024-06-28,35
2024-06-29,37
2024-06-30,38
2024-07-01,38
2024-07-02,39
2024-07-03,41
2024-07-04,40
2024-07-05,41
2024-07-06,41
2024-07-07,41
2024-07-08,41
2024-07-09,26
2024-07-10,30
2024-07-11,30
2024-07-12,31
2024-07-13,35
2024-07-14,36
2024-07-15,38
2024-07-16,39
2024-07-17,39
2024-07-18,39
2024-07-19,40
2024-07-20,42
2024-07-21,42
2024-07-22,42
2024-07-23,45
2024-07-24,45
2024-07-25,43
2024-07-26,45
2024-07-27,45
2024-07-28,45
2024-07-29,32
2024-07-30,36
2024-07-31,36
2024-08-01,36
2024-08-02,37
2024-08-03,40
2024-08-04,42
2024-08-05,43
2024-08-06,45
2024-08-07,45
2024-08-08,45
2024-08-09,44
2024-08-10,44
2024-08-11,44
2024-08-12,43
2024-08-13,45
2024-08-14,45
2024-08-15,45
2024-08-16,44
2024-08-17,45
2024-08-18,45
2024-08-19,45
2024-08-20,46
2024-08-21,45
2024-08-22,45
2024-08-23,45
2024-08-24,45
2024-08-25,45
2024-08-26,45
2024-08-27,44
2024-08-28,43
2024-08-29,43
2024-08-30,44
2024-08-31,44
2024-09-01,44
2024-09-02,44
2024-09-03,44
2024-09-04,43
2024-09-05,45
2024-09-06,45
2024-09-07,46
2024-09-08,46
2024-09-09,46
2024-09-10,36
2024-09-11,36
2024-09-12,36
2024-09-13,35
2024-09-14,36
2024-09-15,36
2024-09-16,36
2024-09-17,37
2024-09-18,37
2024-09-19,37
2024-09-20,37
2024-09-21,37
2024-09-22,37
2024-09-23,38
2024-09-24,39
2024-09-25,39
2024-09-26,39
2024-09-27,42
2024-09-28,42
2024-09-29,41
2024-09-30,43
2024-10-01,43
2024-10-02,40
2024-10-03,40
2024-10-04,42
2024-10-05,42
2024-10-06,42
2024-10-07,25
2024-10-08,28
2024-10-09,31
2024-10-10,31
2024-10-11,31
2024-10-12,33
2024-10-13,39
2024-10-14,41
2024-10-15,41
2024-10-16,39
2024-10-17,40
2024-10-18,40
2024-10-19,42
2024-10-20,42
2024-10-21,41
2024-10-22,40
2024-10-23,39
2024-10-24,41
2024-10-25,41
2024-10-26,41
2024-10-27,41
2024-10-28,41
2024-10-29,28
2024-10-30,25
2024-10-31,24
2024-11-01,33
2024-11-02,32
2024-11-03,34
2024-11-04,33
2024-11-05,36
2024-11-06,36
2024-11-07,37
2024-11-08,37
2024-11-09,38
2024-11-10,39
2024-11-11,40
2024-11-12,42
2024-11-13,42
2024-11-14,42
2024-11-15,40
2024-11-16,41
2024-11-17,41
2024-11-18,35
2024-11-19,40
2024-11-20,41
2024-11-21,41
2024-11-22,41
2024-11-23,42
2024-11-24,42
2024-11-25,44
2024-11-26,44
2024-11-27,44
2024-11-28,44
2024-11-29,44
2024-11-30,43
2024-12-01,43
2024-12-02,46
2024-12-03,47
2024-12-04,47
2024-12-05,46
2024-12-06,46
2024-12-07,46
2024-12-08,46
2024-12-09,46
2024-12-10,46
2024-12-11,48
2024-12-12,48
2024-12-13,46
2024-12-14,46
2024-12-15,46
2024-12-16,47
2024-12-17,48
2024-12-18,48
2024-12-19,48
2024-12-20,48
2024-12-21,48
2024-12-22,48
2024-12-23,48
2024-12-24,48
2024-12-25,47
2024-12-26,46
2024-12-27,46
2024-12-28,43
2024-12-29,41
2024-12-30,42
2024-12-31,42
2025-01-01,43
2025-01-02,43
2025-01-03,42
2025-01-04,41
2025-01-05,42
2025-01-06,42
2025-01-07,43
2025-01-08,43
2025-01-09,41
2025-01-10,43
2025-01-11,43
2025-01-12,42
2025-01-13,42
2025-01-14,41
2025-01-15,41
2025-01-16,41
2025-01-17,43
2025-01-18,43
2025-01-19,44
2025-01-20,45
2025-01-21,45
2025-01-22,44
2025-01-23,45
2025-01-24,45
2025-01-25,46
2025-01-26,46
2025-01-27,44
2025-01-28,45
2025-01-29,45
2025-01-30,45
2025-01-31,45
2025-02-01,46
2025-02-02,46
2025-02-03,46
2025-02-04,46
2025-02-05,45
2025-02-06,45
2025-02-07,45
2025-02-08,45
2025-02-09,45
2025-02-10,45
2025-02-11,42
2025-02-12,43
2025-02-13,32
2025-02-14,34
2025-02-15,38
2025-02-16,40
2025-02-17,40
2025-02-18,42
2025-02-19,42
2025-02-20,43
2025-02-21,42
2025-02-22,43
2025-02-23,42
2025-02-24,43
2025-02-25,44
2025-02-26,42
2025-02-27,42
2025-02-28,44
2025-03-01,45
2025-03-02,44
2025-03-03,44
2025-03-04,43
2025-03-05,43
2025-03-06,44
2025-03-07,45
2025-03-08,44
2025-03-09,45
2025-03-10,36
2025-03-11,36
2025-03-12,36
2025-03-13,36
2025-03-15,38
2025-03-16,39
2025-03-17,42
2025-03-18,41
2025-03-19,43
2025-03-20,42
2025-03-21,43
2025-03-22,43
2025-03-23,43
2025-03-24,32
2025-03-26,41
2025-03-27,40
2025-03-28,42
2025-03-29,42
2025-03-30,42
2025-03-31,30
2025-04-01,33
2025-04-02,38
2025-04-03,38
2025-04-04,37
2025-04-05,40
2025-04-06,41
2025-04-07,39
2025-04-08,41
2025-04-09,40
2025-04-10,42
2025-04-11,41
2025-04-12,41
2025-04-13,42
2025-04-14,43
2025-04-15,43
2025-04-16,43
2025-04-17,43
2025-04-18,42
2025-04-19,42
2025-04-20,42
2025-04-21,21
2025-04-22,21
2025-04-23,22
2025-04-24,22
2025-04-25,25
2025-04-26,26
2025-04-27,25
2025-04-28,29
2025-04-29,31
2025-04-30,29
2025-05-01,29
2025-05-02,32
2025-05-03,33
2025-05-04,35
2025-05-05,33
2025-05-06,35
2025-05-07,35
2025-05-08,34
2025-05-09,34
2025-05-10,35
2025-05-11,35
2025-05-12,35
2025-05-13,40
2025-05-14,37
2025-05-15,35
2025-05-16,35
2025-05-17,36
2025-05-18,36
2025-05-19,34
2025-05-20,35
2025-05-21,36
2025-05-22,33
2025-05-23,33
2025-05-24,32
2025-05-25,32
2025-05-26,33
2025-05-27,37
2025-05-28,36
2025-05-29,35
2025-05-30,35
2025-05-31,36
2025-06-01,36
2025-06-02,37
2025-06-03,38
2025-06-04,39
2025-06-05,38
2025-06-06,37
2025-06-07,38
2025-06-08,37
2025-06-09,39
2025-06-10,37
2025-06-11,37
2025-06-12,36
2025-06-13,36
2025-06-14,36
2025-06-15,36
2025-06-16,36
2025-06-17,37
2025-06-18,35
2025-06-19,35
2025-06-20,35
2025-06-21,35
2025-06-22,35
2025-06-23,35
2025-06-24,36
2025-06-25,36
2025-06-26,35
2025-06-27,35
2025-06-28,37
2025-06-29,37
2025-06-30,38
2025-07-01,37
2025-07-02,36
2025-07-03,36
2025-07-04,36
2025-07-05,35
2025-07-06,38
2025-07-07,38
2025-07-08,39
2025-07-09,38
2025-07-10,40
2025-07-12,39
2025-07-13,39
2025-07-14,26
2025-07-15,34
2025-07-16,34
2025-07-17,31
2025-07-18,32
2025-07-19,33
2025-07-20,36
2025-07-21,39
2025-07-22,41
2025-07-23,41
2025-07-24,40
2025-07-25,39
2025-07-26,40
2025-07-27,40
2025-07-28,40
2025-07-29,40
2025-07-30,40
2025-07-31,41
2025-08-01,40
2025-08-02,40
2025-08-03,39
2025-08-04,40
2025-08-05,40
2025-08-06,40
2025-08-07,39
2025-08-08,40
2025-08-09,39
2025-08-10,40
2025-08-11,40
2025-08-12,39
2025-08-14,40
2025-08-15,39
2025-08-16,39
2025-08-17,37
2025-08-18,40
2025-08-19,40
2025-08-20,38
2025-08-21,38
2025-08-22,38
2025-08-23,38
2025-08-24,31
2025-08-25,31
2025-08-26,33
2025-08-27,32
2025-08-28,32
2025-08-29,27
2025-08-30,27
2025-08-31,28
2025-09-01,27
2025-09-02,31
2025-09-03,31
2025-09-04,31
2025-09-05,33
2025-09-06,33
2025-09-07,34
2025-09-08,35
2025-09-09,36
2025-09-10,36
2025-09-11,37
2025-09-12,37
2025-09-13,36
2025-09-14,36
2025-09-15,36
2025-09-16,36
2025-09-17,37
2025-09-18,37
2025-09-19,37
2025-09-20,37
2025-09-21,38
2025-09-22,39
2025-09-23,39
2025-09-24,39
2025-09-25,39
2025-09-26,37
2025-09-27,36
2025-09-28,36
2025-09-29,37
2025-09-30,37
2025-10-01,37
2025-10-02,37
2025-10-03,36
2025-10-04,37
2025-10-05,37
2025-10-06,36
2025-10-07,38
2025-10-08,38
2025-10-09,38
2025-10-10,38
2025-10-11,38
2025-10-12,38
2025-10-13,32
2025-10-14,38
2025-10-15,39
2025-10-16,38
2025-10-17,36
2025-10-18,36
2025-10-19,33
2025-10-20,34
2025-10-21,36
2025-10-22,36
2025-10-23,35
2025-10-24,35
2025-10-25,36
2025-10-26,36
2025-10-27,38
2025-10-28,39
2025-10-29,38
2025-10-30,27
2025-10-31,27
2025-11-01,31
2025-11-02,35
2025-11-03,33
2025-11-04,34
2025-11-05,35
2025-11-06,33
2025-11-07,36
2025-11-08,35
2025-11-09,35
2025-11-10,36
2025-11-11,39
2025-11-12,38
2025-11-13,36
2025-11-14,35
2025-11-15,35
2025-11-16,34
2025-11-17,30
2025-11-18,37
2025-11-19,38
2025-11-20,34
2025-11-21,37
2025-11-22,36
2025-11-23,37
2025-11-24,34
2025-11-25,32
2025-11-26,32
2025-11-27,29
